e,,,,,,,,,,,,,,,,,,,,,,,,,,,,,,,,,,,,,,,,,,,,,,,,,,,,,,,,,,,,,,,,,,,,,,,,,,,,,,,,,,,,,,,,,,,,,,,,,,,,,,,,,,,,,,,,,,,,,,,,,,,,,,,,,,,,,,,,,,,,,,,,,,,,,,,,,,,,,,,,,,,,,,,,,,,,,,,,,,,,,,,,,,,,,,,,,,,,,,,,,,,,,,,,,,,,,,,,,,,,,,,,,,,,,,,,,,,,,,,,,,,,
e,,,,,,,,,,,,,,,,,,,,,,,,,,,,,,,,,,,,,,,,,,,,,,,,,,,,,,,,,,,,,,,,,,,,,,,,,,,,,,,,,,,,,,,,,,,,,,,,,,,,,,,,,,,,,,,,,,,,,,,,,,,,,,,,,,,,,,,,,,,,,,,,,,,,,,,,,,,,,,,,,,,,,,,,,,,,,,,,,,,,,,,,,,,,,,,,,,,,,,,,,,,,,,,,,,,,,,,,,,,,,,,,,,,,,,,,,,,,,,,,,,,,
e,,,,,,,,,,,,,,,,,,,,,,,,,,,,,,,,,,,,,,,,,,,,,,,,,,,,,,,,,,,,,,,,,,,,,,,,,,,,,,,,,,,,,,,,,,,,,,,,,,,,,,,,,,,,,,,,,,,,,,,,,,,,,,,,,,,,,,,,,,,,,,,,,,,,,,,,,,,,,,,,,,,,,,,,,,,,,,,,,,,,,,,,,,,,,,,,,,,,,,,,,,,,,,,,,,,,,,,,,,,,,,,,,,,,,,,,,,,,,,,,,,,,
e,,,,,,,,,,,,,,,,,,,,,,,,,,,,,,,,,,,,,,,,,,,,,,,,,,,,,,,,,,,,,,,,,,,,,,,,,,,,,,,,,,,,,,,,,,,,,,,,,,,,,,,,,,,,,,,,,,,,,,,,,,,,,,,,,,,,,,,,,,,,,,,,,,,,,,,,,,,,,,,,,,,,,,,,,,,,,,,,,,,,,,,,,,,,,,,,,,,,,,,,,,,,,,,,,,,,,,,,,,,,,,,,,,,,,,,,,,,,,,,,,,,,
e,,,,,,,,,,,,,,,,,,,,,,,,,,,,,,,,,,,,,,,,,,,,,,,,,,,,,,,,,,,,,,,,,,,,,,,,,,,,,,,,,,,,,,,,,,,,,,,,,,,,,,,,,,,,,,,,,,,,,,,,,,,,,,,,,,,,,,,,,,,,,,,,,,,,,,,,,,,,,,,,,,,,,,,,,,,,,,,,,,,,,,,,,,,,,,,,,,,,,,,,,,,,,,,,,,,,,,,,,,,,,,,,,,,,,,,,,,,,,,,,,,,,
e,,,,,,,,,,,,,,,,,,,,,,,,,,,,,,,,,,,,,,,,,,,,,,,,,,,,,,,,,,,,,,,,,,,,,,,,,,,,,,,,,,,,,,,,,,,,,,,,,,,,,,,,,,,,,,,,,,,,,,,,,,,,,,,,,,,,,,,,,,,,,,,,,,,,,,,,,,,,,,,,,,,,,,,,,,,,,,,,,,,,,,,,,,,,,,,,,,,,,,,,,,,,,,,,,,,,,,,,,,,,,,,,,,,,,,,,,,,,,,,,,,,,
e,,,,,,,,,,,,,,,,,,,,,,,,,,,,,,,,,,,,,,,,,,,,,,,,,,,,,,,,,,,,,,,,,,,,,,,,,,,,,,,,,,,,,,,,,,,,,,,,,,,,,,,,,,,,,,,,,,,,,,,,,,,,,,,,,,,,,,,,,,,,,,,,,,,,,,,,,,,,,,,,,,,,,,,,,,,,,,,,,,,,,,,,,,,,,,,,,,,,,,,,,,,,,,,,,,,,,,,,,,,,,,,,,,,,,,,,,,,,,,,,,,,,
e,,,,,,,,,,,,,,,,,,,,,,,,,,,,,,,,,,,,,,,,,,,,,,,,,,,,,,,,,,,,,,,,,,,,,,,,,,,,,,,,,,,,,,,,,,,,,,,,,,,,,,,,,,,,,,,,,,,,,,,,,,,,,,,,,,,,,,,,,,,,,,,,,,,,,,,,,,,,,,,,,,,,,,,,,,,,,,,,,,,,,,,,,,,,,,,,,,,,,,,,,,,,,,,,,,,,,,,,,,,,,,,,,,,,,,,,,,,,,,,,,,,,
e,,,,,,,,,,,,,,,,,,,,,,,,,,,,,,,,,,,,,,,,,,,,,,,,,,,,,,,,,,,,,,,,,,,,,,,,,,,,,,,,,,,,,,,,,,,,,,,,,,,,,,,,,,,,,,,,,,,,,,,,,,,,,,,,,,,,,,,,,,,,,,,,,,,,,,,,,,,,,,,,,,,,,,,,,,,,,,,,,,,,,,,,,,,,,,,,,,,,,,,,,,,,,,,,,,,,,,,,,,,,,,,,,,,,,,,,,,,,,,,,,,,,
e,,,,,,,,,,,,,,,,,,,,,,,,,,,,,,,,,,,,,,,,,,,,,,,,,,,,,,,,,,,,,,,,,,,,,,,,,,,,,,,,,,,,,,,,,,,,,,,,,,,,,,,,,,,,,,,,,,,,,,,,,,,,,,,,,,,,,,,,,,,,,,,,,,,,,,,,,,,,,,,,,,,,,,,,,,,,,,,,,,,,,,,,,,,,,,,,,,,,,,,,,,,,,,,,,,,,,,,,,,,,,,,,,,,,,,,,,,,,,,,,,,,,
e,,,,,,,,,,,,,,,,,,,,,,,,,,,,,,,,,,,,,,,,,,,,,,,,,,,,,,,,,,,,,,,,,,,,,,,,,,,,,,,,,,,,,,,,,,,,,,,,,,,,,,,,,,,,,,,,,,,,,,,,,,,,,,,,,,,,,,,,,,,,,,,,,,,,,,,,,,,,,,,,,,,,,,,,,,,,,,,,,,,,,,,,,,,,,,,,,,,,,,,,,,,,,,,,,,,,,,,,,,,,,,,,,,,,,,,,,,,,,,,,,,,,
e,,,,,,,,,,,,,,,,,,,,,,,,,,,,,,,,,,,,,,,,,,,,,,,,,,,,,,,,,,,,,,,,,,,,,,,,,,,,,,,,,,,,,,,,,,,,,,,,,,,,,,,,,,,,,,,,,,,,,,,,,,,,,,,,,,,,,,,,,,,,,,,,,,,,,,,,,,,,,,,,,,,,,,,,,,,,,,,,,,,,,,,,,,,,,,,,,,,,,,,,,,,,,,,,,,,,,,,,,,,,,,,,,,,,,,,,,,,,,,,,,,,,
e,,,,,,,,,,,,,,,,,,,,,,,,,,,,,,,,,,,,,,,,,,,,,,,,,,,,,,,,,,,,,,,,,,,,,,,,,,,,,,,,,,,,,,,,,,,,,,,,,,,,,,,,,,,,,,,,,,,,,,,,,,,,,,,,,,,,,,,,,,,,,,,,,,,,,,,,,,,,,,,,,,,,,,,,,,,,,,,,,,,,,,,,,,,,,,,,,,,,,,,,,,,,,,,,,,,,,,,,,,,,,,,,,,,,,,,,,,,,,,,,,,,,
e,,,,,,,,,,,,,,,,,,,,,,,,,,,,,,,,,,,,,,,,,,,,,,,,,,,,,,,,,,,,,,,,,,,,,,,,,,,,,,,,,,,,,,,,,,,,,,,,,,,,,,,,,,,,,,,,,,,,,,,,,,,,,,,,,,,,,,,,,,,,,,,,,,,,,,,,,,,,,,,,,,,,,,,,,,,,,,,,,,,,,,,,,,,,,,,,,,,,,,,,,,,,,,,,,,,,,,,,,,,,,,,,,,,,,,,,,,,,,,,,,,,,
e,,,,,,,,,,,,,,,,,,,,,,,,,,,,,,,,,,,,,,,,,,,,,,,,,,,,,,,,,,,,,,,,,,,,,,,,,,,,,,,,,,,,,,,,,,,,,,,,,,,,,,,,,,,,,,,,,,,,,,,,,,,,,,,,,,,,,,,,,,,,,,,,,,,,,,,,,,,,,,,,,,,,,,,,,,,,,,,,,,,,,,,,,,,,,,,,,,,,,,,,,,,,,,,,,,,,,,,,,,,,,,,,,,,,,,,,,,,,,,,,,,,,
e,,,,,,,,,,,,,,,,,,,,,,,,,,,,,,,,,,,,,,,,,,,,,,,,,,,,,,,,,,,,,,,,,,,,,,,,,,,,,,,,,,,,,,,,,,,,,,,,,,,,,,,,,,,,,,,,,,,,,,,,,,,,,,,,,,,,,,,,,,,,,,,,,,,,,,,,,,,,,,,,,,,,,,,,,,,,,,,,,,,,,,,,,,,,,,,,,,,,,,,,,,,,,,,,,,,,,,,,,,,,,,,,,,,,,,,,,,,,,,,,,,,,
e,,,,,,,,,,,,,,,,,,,,,,,,,,,,,,,,,,,,,,,,,,,,,,,,,,,,,,,,,,,,,,,,,,,,,,,,,,,,,,,,,,,,,,,,,,,,,,,,,,,,,,,,,,,,,,,,,,,,,,,,,,,,,,,,,,,,,,,,,,,,,,,,,,,,,,,,,,,,,,,,,,,,,,,,,,,,,,,,,,,,,,,,,,,,,,,,,,,,,,,,,,,,,,,,,,,,,,,,,,,,,,,,,,,,,,,,,,,,,,,,,,,,
e,,,,,,,,,,,,,,,,,,,,,,,,,,,,,,,,,,,,,,,,,,,,,,,,,,,,,,,,,,,,,,,,,,,,,,,,,,,,,,,,,,,,,,,,,,,,,,,,,,,,,,,,,,,,,,,,,,,,,,,,,,,,,,,,,,,,,,,,,,,,,,,,,,,,,,,,,,,,,,,,,,,,,,,,,,,,,,,,,,,,,,,,,,,,,,,,,,,,,,,,,,,,,,,,,,,,,,,,,,,,,,,,,,,,,,,,,,,,,,,,,,,,
e,,,,,,,,,,,,,,,,,,,,,,qbs,,,,,,,,,,,,,,,,,,,,,,,,,,,,,,,,,,,,,,,,,,,,,,,,,,,,,,,,,,,,,,,,,,,,,,,,,,,,,,,,,,,,,,,,,,,,,,,,,,,,,,,,,,,,,,,,,,,,,,,,,,,,,,,,,,,,,,,,,,,,,,,,,,,,,,,,,,,,,,,,,,,,,,,,,,,fp,,,,,,,,,,,,,,,,,,,,,,,,,,,,,,,,,,,,,,,,,,,,,,,,,,,
e,,,,,,,,,,,,,,,,,,,,,,,,,,,,,,,,,,,,,,,,,,,,,,,,,,,,,,,,,,,,,,,,,,,,,,,,,,,,,,bb,bb,bb,bb,bb,bb,bb,bb,,,bb,bb,bb,qbc,,,,,,,,,,,,,,,qbc,,,,,,,,,,,,bb,bb,bb,,,,,bb,qbc,qbc,bb,,,,,,,,,,,,,,,,,,,,,,,,,,,,,,,,,,,,,,,,,,,,,,,,,,,,,,,spb,spb,,,,,,,,,,,,,,,,,,,,,,,,,,,,,,,,,,,,,,,,,,,,,,,,,,,,,,,,,,,,
e,,,,,,,,,,,,,,,,,,,,,,,,,,,,,,,,,,,,,,,,,,,,,,,,,,,,,,,,,,,,,,,,,,,,,,,,,,,,,,,,,,,,,,,,,,,,,,,,,,,,,,,,,,,,,,,,,,,,,,,,,,,,,,,,,,,,,,,,,,,,,,,,,,,,,,,,,,,,,,,,,,,,,,,,,,,,,,,,,,,,,,spb,spb,spb,,,,,,,,,,,,,,,,,,,,,,,,,,,,,,,,,,,,,,,,,,,,,,,,,,,,,,,,,,,,
e,,,,,,,,,,,,,,,,,,,,,,,,,,,,,,,,,,,,,,,,,,,,,,,,,,,,,,,,,,,,,,,,,,,,,,,,,,,,,,,,,,,,,,,,,,,,,,,,,,,,,,,,,,,,,,,,,,,,,,,,,,,,,,,,,,,,,,,,,,,,,,,,,,,,,,,,,,,,,,,,,,,,,,,,,,,,,,,,,,,,,spb,spb,spb,spb,,,,,,,,,,,,,,,,,,,,,,,,,,,,,,,,,,,,,,,,,,,,,,,,,,,,,,,,,,,,
hb,,,,,,,,,bb,,g,bb,,bb,,k,bb,,,,bb,qbm,bb,qbf,bb,qbc,,,,,,,,,,,,,,,,,,,,,,,,,,,,,,,,,,,,,,,,,,,,,,,,,,,,,,,,,,,,,,,,,,,,,,,,,,,,,,,,,,,,,,,,,,,,,,,,,,,,,,,,,,,,,,,,,,,,,,,,,,,,,,,,,,,,,,,,,,,,,,,,,,,,,,,,,,spb,spb,spb,spb,spb,,,,,,,,,,,,,,,,,,,,,,,,,,,,,,,,,,,,,,,,,,,,,,,,,,,,,,,,,,,,
e,,,,,,,,,,bb,bb,,,,bb,bb,,,,,,,,,,,,,,,,,,,,,,,,,,,,,,,,,,,,,,,,,,,,,,,,,,,,,,,,,,,bb,qbc,bb,,,,,,,,,,,,,,bb,,,,,,bb,bb,,,,,qbf,,,qbc,,,qbc,,,,,,bb,,,,,,,,,,,bb,bb,,,,,,,spb,,,spb,,,,,,,,,,spb,spb,,,spb,,,,,,,,,,,,bb,bb,qbc,bb,,,,,,,,,,,,,spb,spb,spb,spb,spb,spb,,,,,,,,,,,,,,,,,,,,,,,,,,,,,,,,,,,,,,,,,,,,,,,,,,,,,,,,,,,,
e,,,,,,,,,,,,,,,,,,,,,,,,,,,,,,,,,,,,,,,,,,,,,,,,,,,,,,,,,,,,,,,,,,,,,,,,,,,,,,,,,,,,,,,,,,,,,,,,,,,,,,,,,,,,,,,,,,,,,,,,,,,,,,,,,,,,,spb,spb,,,spb,spb,,,,,,,,spb,spb,spb,,,spb,spb,,,,,,,m,,,,,,,,,,,,,,,,,,,spb,spb,spb,spb,spb,spb,spb,,,,,,,,,,,,,,,,,,,,,,,,,,,,,,,,,,,,,,,,,,,,,,,,,,,,,,,,,,,,
e,,,,,,,,,,,,,,,,,,,,,,,,,,,,,p,,,,,,,,,p,,,,,,,,,p,,,,,,,,,wp,,,,,,,,,,,,,,,,,,,,,,,,,,,,,,,,,,,,,,,,,,,,,,,,,,,,,,,,,,,,,,,,,,,,,,,,,,,,spb,spb,spb,,,spb,spb,spb,,,,,,spb,spb,spb,spb,,,spb,spb,spb,,,,,p,,,,,,,,,,,,,,,,p,,,spb,spb,spb,spb,spb,spb,spb,spb,,,,,,,,,,,,,,,,,,,,,,,,,,,,,,,,,,,,,,,,,,,,,,,,,,,,,,,,,,,,
e,,,,,,,,,,,,,,,,,,,,,,,,,,,,,,,,,,,,,,,,pm,,,,,,,,,,,,,,,,,,,,,,,,,,,,,,,,,,,,,,,,,,,,,,,,,,,,,,,,,,,,,,,,,,,,,,,,,,,,,,,,,,,,,,,,,,,spb,spb,spb,spb,,,spb,spb,spb,spb,,,,spb,spb,spb,spb,spb,,,spb,spb,spb,spb,,,,,,,,,,,,,,,,,,,,,,spb,spb,spb,spb,spb,spb,spb,spb,spb,,,,,,,,,spbf,,,,,,,,,,,,,,,,,,,,,,,,,,,,,,,,,,,,,,,,,,,,,,,,,,,
rpb,rpb,rpb,rpb,rpb,rpb,rpb,rpb,rpb,rpb,rpb,rpb,rpb,rpb,rpb,rpb,rpb,rpb,rpb,rpb,rpb,rpb,rpb,rpb,rpb,rpb,rpb,rpb,rpb,rpb,rpb,rpb,rpb,rpb,rpb,rpb,rpb,rpb,rpb,rpb,rpb,rpb,rpb,rpb,rpb,rpb,rpb,rpb,rpb,rpb,rpb,rpb,rpb,rpb,rpb,rpb,rpb,rpb,rpb,rpb,rpb,rpb,rpb,rpb,rpb,rpb,rpb,,,rpb,rpb,rpb,rpb,rpb,rpb,rpb,rpb,rpb,rpb,rpb,rpb,rpb,rpb,rpb,,,rpb,rpb,rpb,rpb,rpb,rpb,rpb,rpb,rpb,rpb,rpb,rpb,rpb,rpb,rpb,rpb,rpb,rpb,rpb,rpb,rpb,rpb,rpb,rpb,rpb,rpb,rpb,rpb,rpb,rpb,rpb,rpb,rpb,rpb,rpb,rpb,rpb,rpb,rpb,rpb,rpb,rpb,rpb,rpb,rpb,rpb,rpb,rpb,rpb,rpb,rpb,rpb,rpb,rpb,rpb,rpb,rpb,rpb,rpb,rpb,rpb,rpb,rpb,,,rpb,rpb,rpb,rpb,rpb,rpb,rpb,rpb,rpb,rpb,rpb,rpb,rpb,rpb,rpb,rpb,rpb,rpb,rpb,rpb,rpb,rpb,rpb,rpb,rpb,rpb,rpb,rpb,rpb,rpb,rpb,rpb,rpb,rpb,rpb,rpb,rpb,rpb,rpb,rpb,rpb,rpb,rpb,rpb,rpb,rpb,rpb,rpb,rpb,rpb,rpb,rpb,rpb,rpb,rpb,rpb,rpb,rpb,rpb,rpb,rpb,rpb,rpb,rpb,rpb,rpb,rpb,rpb,rpb,rpb,rpb,rpb,rpb,rpb,rpb,rpb,rpb,rpb,rpb,rpb,rpb,rpb,rpb,rpb,rpb,rpb,rpb,rpb,rpb,rpb,rpb,rpb,rpb,rpb
rpb,rpb,rpb,rpb,rpb,rpb,rpb,rpb,rpb,rpb,rpb,rpb,rpb,rpb,rpb,rpb,rpb,rpb,rpb,rpb,rpb,rpb,rpb,rpb,rpb,rpb,rpb,rpb,rpb,rpb,rpb,rpb,rpb,rpb,rpb,rpb,rpb,rpb,rpb,rpb,rpb,rpb,rpb,rpb,rpb,rpb,rpb,rpb,rpb,rpb,rpb,rpb,rpb,rpb,rpb,rpb,rpb,rpb,rpb,rpb,rpb,rpb,rpb,rpb,rpb,rpb,rpb,,,rpb,rpb,rpb,rpb,rpb,rpb,rpb,rpb,rpb,rpb,rpb,rpb,rpb,rpb,rpb,,,rpb,rpb,rpb,rpb,rpb,rpb,rpb,rpb,rpb,rpb,rpb,rpb,rpb,rpb,rpb,rpb,rpb,rpb,rpb,rpb,rpb,rpb,rpb,rpb,rpb,rpb,rpb,rpb,rpb,rpb,rpb,rpb,rpb,rpb,rpb,rpb,rpb,rpb,rpb,rpb,rpb,rpb,rpb,rpb,rpb,rpb,rpb,rpb,rpb,rpb,rpb,rpb,rpb,rpb,rpb,rpb,rpb,rpb,rpb,rpb,rpb,rpb,rpb,,,rpb,rpb,rpb,rpb,rpb,rpb,rpb,rpb,rpb,rpb,rpb,rpb,rpb,rpb,rpb,rpb,rpb,rpb,rpb,rpb,rpb,rpb,rpb,rpb,rpb,rpb,rpb,rpb,rpb,rpb,rpb,rpb,rpb,rpb,rpb,rpb,rpb,rpb,rpb,rpb,rpb,rpb,rpb,rpb,rpb,rpb,rpb,rpb,rpb,rpb,rpb,rpb,rpb,rpb,rpb,rpb,rpb,rpb,rpb,rpb,rpb,rpb,rpb,rpb,rpb,rpb,rpb,rpb,rpb,rpb,rpb,rpb,rpb,rpb,rpb,rpb,rpb,rpb,rpb,rpb,rpb,rpb,rpb,rpb,rpb,rpb,rpb,rpb,rpb,rpb,rpb,rpb,rpb,rpb
